panel_id,trial,record_id,endpoint,statistic,arm,value,unit,original_unit,original_measure_zh,displayed_on_figure,experimental_label,control_label_en,population_zh,population_en,fda_announcement_date,trial_data_cutoff,research_as_of,numeric_source_id,r1_source_ids,currency,research_parent_version,pilot_version
TB02,TROPION-Breast02,TB02_N_ALL,participant_count,count,total,644,persons,人,全試驗隨機分派人數,True,Dato-DXd,Investigator's choice chemotherapy,不適合PD-(L)1治療,Not candidates for PD-(L)1 therapy,2026-05-22,,2026-10-07,C03,C03;C18,,ADC-20261007-R1,ADC-20261007-R1-VISUAL-PILOT2-1.0
TB02,TROPION-Breast02,TB02_N_EXP,participant_count,count,experimental,323,persons,人,此次比較試驗組人數,False,Dato-DXd,Investigator's choice chemotherapy,不適合PD-(L)1治療,Not candidates for PD-(L)1 therapy,2026-05-22,,2026-10-07,C03,C03;C18,,ADC-20261007-R1,ADC-20261007-R1-VISUAL-PILOT2-1.0
TB02,TROPION-Breast02,TB02_N_CTRL,participant_count,count,control,321,persons,人,此次比較對照組人數,False,Dato-DXd,Investigator's choice chemotherapy,不適合PD-(L)1治療,Not candidates for PD-(L)1 therapy,2026-05-22,,2026-10-07,C03,C03;C18,,ADC-20261007-R1,ADC-20261007-R1-VISUAL-PILOT2-1.0
TB02,TROPION-Breast02,TB02_PFS_EXP,PFS,median,experimental,10.8,months,月,BICR中位PFS：試驗組,True,Dato-DXd,Investigator's choice chemotherapy,不適合PD-(L)1治療,Not candidates for PD-(L)1 therapy,2026-05-22,,2026-10-07,C03,C03;C18,,ADC-20261007-R1,ADC-20261007-R1-VISUAL-PILOT2-1.0
TB02,TROPION-Breast02,TB02_PFS_CTRL,PFS,median,control,5.6,months,月,BICR中位PFS：對照組,True,Dato-DXd,Investigator's choice chemotherapy,不適合PD-(L)1治療,Not candidates for PD-(L)1 therapy,2026-05-22,,2026-10-07,C03,C03;C18,,ADC-20261007-R1,ADC-20261007-R1-VISUAL-PILOT2-1.0
TB02,TROPION-Breast02,TB02_PFS_HR,PFS,hazard_ratio,experimental_vs_control,0.57,dimensionless,HR,BICR中位PFS風險比,True,Dato-DXd,Investigator's choice chemotherapy,不適合PD-(L)1治療,Not candidates for PD-(L)1 therapy,2026-05-22,,2026-10-07,C03,C03;C18,,ADC-20261007-R1,ADC-20261007-R1-VISUAL-PILOT2-1.0
TB02,TROPION-Breast02,TB02_PFS_HR_CI_LOW,PFS,hr_95_ci_low,experimental_vs_control,0.47,dimensionless,HR,BICR中位PFS HR 95%信賴區間下限,True,Dato-DXd,Investigator's choice chemotherapy,不適合PD-(L)1治療,Not candidates for PD-(L)1 therapy,2026-05-22,,2026-10-07,C03,C03;C18,,ADC-20261007-R1,ADC-20261007-R1-VISUAL-PILOT2-1.0
TB02,TROPION-Breast02,TB02_PFS_HR_CI_HIGH,PFS,hr_95_ci_high,experimental_vs_control,0.69,dimensionless,HR,BICR中位PFS HR 95%信賴區間上限,True,Dato-DXd,Investigator's choice chemotherapy,不適合PD-(L)1治療,Not candidates for PD-(L)1 therapy,2026-05-22,,2026-10-07,C03,C03;C18,,ADC-20261007-R1,ADC-20261007-R1-VISUAL-PILOT2-1.0
TB02,TROPION-Breast02,TB02_OS_EXP,OS,median,experimental,23.7,months,月,中位OS：試驗組,True,Dato-DXd,Investigator's choice chemotherapy,不適合PD-(L)1治療,Not candidates for PD-(L)1 therapy,2026-05-22,,2026-10-07,C03,C03;C18,,ADC-20261007-R1,ADC-20261007-R1-VISUAL-PILOT2-1.0
TB02,TROPION-Breast02,TB02_OS_CTRL,OS,median,control,18.7,months,月,中位OS：對照組,True,Dato-DXd,Investigator's choice chemotherapy,不適合PD-(L)1治療,Not candidates for PD-(L)1 therapy,2026-05-22,,2026-10-07,C03,C03;C18,,ADC-20261007-R1,ADC-20261007-R1-VISUAL-PILOT2-1.0
TB02,TROPION-Breast02,TB02_OS_HR,OS,hazard_ratio,experimental_vs_control,0.79,dimensionless,HR,中位OS風險比,True,Dato-DXd,Investigator's choice chemotherapy,不適合PD-(L)1治療,Not candidates for PD-(L)1 therapy,2026-05-22,,2026-10-07,C03,C03;C18,,ADC-20261007-R1,ADC-20261007-R1-VISUAL-PILOT2-1.0
TB02,TROPION-Breast02,TB02_OS_HR_CI_LOW,OS,hr_95_ci_low,experimental_vs_control,0.64,dimensionless,HR,中位OS HR 95%信賴區間下限,True,Dato-DXd,Investigator's choice chemotherapy,不適合PD-(L)1治療,Not candidates for PD-(L)1 therapy,2026-05-22,,2026-10-07,C03,C03;C18,,ADC-20261007-R1,ADC-20261007-R1-VISUAL-PILOT2-1.0
TB02,TROPION-Breast02,TB02_OS_HR_CI_HIGH,OS,hr_95_ci_high,experimental_vs_control,0.98,dimensionless,HR,中位OS HR 95%信賴區間上限,True,Dato-DXd,Investigator's choice chemotherapy,不適合PD-(L)1治療,Not candidates for PD-(L)1 therapy,2026-05-22,,2026-10-07,C03,C03;C18,,ADC-20261007-R1,ADC-20261007-R1-VISUAL-PILOT2-1.0
ASCENT03,ASCENT-03,ASCENT03_N_ALL,participant_count,count,total,558,persons,人,全試驗隨機分派人數,True,SG,"Nab-paclitaxel, paclitaxel, or gemcitabine plus carboplatin",不適合PD-(L)1治療,Not candidates for PD-(L)1 therapy,2026-06-24,,2026-10-07,C06,C06;C19,,ADC-20261007-R1,ADC-20261007-R1-VISUAL-PILOT2-1.0
ASCENT03,ASCENT-03,ASCENT03_PFS_EXP,PFS,median,experimental,9.7,months,月,BICR中位PFS：試驗組,True,SG,"Nab-paclitaxel, paclitaxel, or gemcitabine plus carboplatin",不適合PD-(L)1治療,Not candidates for PD-(L)1 therapy,2026-06-24,,2026-10-07,C06,C06;C19,,ADC-20261007-R1,ADC-20261007-R1-VISUAL-PILOT2-1.0
ASCENT03,ASCENT-03,ASCENT03_PFS_CTRL,PFS,median,control,6.9,months,月,BICR中位PFS：對照組,True,SG,"Nab-paclitaxel, paclitaxel, or gemcitabine plus carboplatin",不適合PD-(L)1治療,Not candidates for PD-(L)1 therapy,2026-06-24,,2026-10-07,C06,C06;C19,,ADC-20261007-R1,ADC-20261007-R1-VISUAL-PILOT2-1.0
ASCENT03,ASCENT-03,ASCENT03_PFS_HR,PFS,hazard_ratio,experimental_vs_control,0.62,dimensionless,HR,BICR中位PFS風險比,True,SG,"Nab-paclitaxel, paclitaxel, or gemcitabine plus carboplatin",不適合PD-(L)1治療,Not candidates for PD-(L)1 therapy,2026-06-24,,2026-10-07,C06,C06;C19,,ADC-20261007-R1,ADC-20261007-R1-VISUAL-PILOT2-1.0
ASCENT03,ASCENT-03,ASCENT03_PFS_HR_CI_LOW,PFS,hr_95_ci_low,experimental_vs_control,0.5,dimensionless,HR,BICR中位PFS HR 95%信賴區間下限,True,SG,"Nab-paclitaxel, paclitaxel, or gemcitabine plus carboplatin",不適合PD-(L)1治療,Not candidates for PD-(L)1 therapy,2026-06-24,,2026-10-07,C06,C06;C19,,ADC-20261007-R1,ADC-20261007-R1-VISUAL-PILOT2-1.0
ASCENT03,ASCENT-03,ASCENT03_PFS_HR_CI_HIGH,PFS,hr_95_ci_high,experimental_vs_control,0.77,dimensionless,HR,BICR中位PFS HR 95%信賴區間上限,True,SG,"Nab-paclitaxel, paclitaxel, or gemcitabine plus carboplatin",不適合PD-(L)1治療,Not candidates for PD-(L)1 therapy,2026-06-24,,2026-10-07,C06,C06;C19,,ADC-20261007-R1,ADC-20261007-R1-VISUAL-PILOT2-1.0
ASCENT04,ASCENT-04 / KEYNOTE-D19,ASCENT04_N_ALL,participant_count,count,total,443,persons,人,全試驗隨機分派人數,True,SG＋pembrolizumab,Investigator's choice chemotherapy plus pembrolizumab,PD-L1 CPS≥10,PD-L1 CPS ≥10,2026-06-24,,2026-10-07,C06,C06;C20,,ADC-20261007-R1,ADC-20261007-R1-VISUAL-PILOT2-1.0
ASCENT04,ASCENT-04 / KEYNOTE-D19,ASCENT04_PFS_EXP,PFS,median,experimental,11.2,months,月,BICR中位PFS：試驗組,True,SG＋pembrolizumab,Investigator's choice chemotherapy plus pembrolizumab,PD-L1 CPS≥10,PD-L1 CPS ≥10,2026-06-24,,2026-10-07,C06,C06;C20,,ADC-20261007-R1,ADC-20261007-R1-VISUAL-PILOT2-1.0
ASCENT04,ASCENT-04 / KEYNOTE-D19,ASCENT04_PFS_CTRL,PFS,median,control,7.8,months,月,BICR中位PFS：對照組,True,SG＋pembrolizumab,Investigator's choice chemotherapy plus pembrolizumab,PD-L1 CPS≥10,PD-L1 CPS ≥10,2026-06-24,,2026-10-07,C06,C06;C20,,ADC-20261007-R1,ADC-20261007-R1-VISUAL-PILOT2-1.0
ASCENT04,ASCENT-04 / KEYNOTE-D19,ASCENT04_PFS_HR,PFS,hazard_ratio,experimental_vs_control,0.65,dimensionless,HR,BICR中位PFS風險比,True,SG＋pembrolizumab,Investigator's choice chemotherapy plus pembrolizumab,PD-L1 CPS≥10,PD-L1 CPS ≥10,2026-06-24,,2026-10-07,C06,C06;C20,,ADC-20261007-R1,ADC-20261007-R1-VISUAL-PILOT2-1.0
ASCENT04,ASCENT-04 / KEYNOTE-D19,ASCENT04_PFS_HR_CI_LOW,PFS,hr_95_ci_low,experimental_vs_control,0.51,dimensionless,HR,BICR中位PFS HR 95%信賴區間下限,True,SG＋pembrolizumab,Investigator's choice chemotherapy plus pembrolizumab,PD-L1 CPS≥10,PD-L1 CPS ≥10,2026-06-24,,2026-10-07,C06,C06;C20,,ADC-20261007-R1,ADC-20261007-R1-VISUAL-PILOT2-1.0
ASCENT04,ASCENT-04 / KEYNOTE-D19,ASCENT04_PFS_HR_CI_HIGH,PFS,hr_95_ci_high,experimental_vs_control,0.84,dimensionless,HR,BICR中位PFS HR 95%信賴區間上限,True,SG＋pembrolizumab,Investigator's choice chemotherapy plus pembrolizumab,PD-L1 CPS≥10,PD-L1 CPS ≥10,2026-06-24,,2026-10-07,C06,C06;C20,,ADC-20261007-R1,ADC-20261007-R1-VISUAL-PILOT2-1.0
