id,title,url,published_date,data_date,access_date,source_type,supports,access_scope,locator,r2_check_scope,source_id,title_en,supports_en,access_scope_en,r2_check_scope_en,evidence_record,evidence_checked_at,locator_en
C01,FDA: T-DXd + pertuzumab 第一線 HER2+ 轉移性乳癌核准,https://www.fda.gov/drugs/drug-approvals-and-databases/fda-approves-fam-trastuzumab-deruxtecan-nxki-pertuzumab-unresectable-or-metastatic-her2-positive,2025-12-15,2025-12-15,2026-10-07,監管核准公告,Breast09核准及PFS差異；核准分析時OS未成熟。,已讀FDA公開核准公告全文；不外推其他市場核准或給付。,,沿用R1取得範圍；本輪未重查,C01,FDA first-line HER2 breast cancer approval,Breast09 approval and PFS difference; OS immature in the approval analysis.,The full public FDA approval announcement was reviewed; no approval or reimbursement status in other markets is inferred.,R1 access scope retained; not reread in this round,,,
C02,FDA: T-DXd 新輔助及輔助 HER2+ 早期乳癌兩項核准,https://www.fda.gov/drugs/resources-information-approved-drugs/fda-approves-two-separate-indications-fam-trastuzumab-deruxtecan-nxki-her2-positive-early-stage,2026-05-15,2026-05-15,2026-10-07,監管核准公告,Breast11病理反應及Breast05三年iDFS直接比較。,已讀FDA公開核准公告全文；不外推其他市場核准或給付。,,沿用R1取得範圍；本輪未重查,C02,FDA early-stage HER2 breast cancer approvals,Breast11 pathological response and the direct comparison of three-year iDFS in Breast05.,The full public FDA approval announcement was reviewed; no approval or reimbursement status in other markets is inferred.,R1 access scope retained; not reread in this round,,,
C03,FDA: Datroway 第一線非PD-(L)1治療候選TNBC核准,https://www.fda.gov/drugs/resources-information-approved-drugs/fda-approves-datopotamab-deruxtecan-dlnk-unresectable-or-metastatic-triple-negative-breast-cancer,2026-05-22,2026-05-22,2026-10-07,監管核准公告,非免疫治療候選TNBC之PFS、OS及適應症範圍。,已讀FDA公開核准公告全文；不外推其他市場核准或給付。,,沿用R1取得範圍；本輪未重查,C03,FDA first-line TNBC Dato approval,"PFS, OS and indication scope in TNBC patients not candidates for immunotherapy.",The full public FDA approval announcement was reviewed; no approval or reimbursement status in other markets is inferred.,R1 access scope retained; not reread in this round,,,
C04,FDA: Datroway HR+/HER2−乳癌核准,https://www.fda.gov/drugs/resources-information-approved-drugs/fda-approves-datopotamab-deruxtecan-dlnk-unresectable-or-metastatic-hr-positive-her2-negative-breast,2025-01-17,2025-01-17,2026-10-07,監管核准公告,Breast01之PFS獲益；不能改寫成OS陽性。,已讀FDA公開核准公告全文；不外推其他市場核准或給付。,,沿用R1取得範圍；本輪未重查,C04,FDA HR-positive breast cancer Dato approval,PFS benefit in Breast01; this cannot be restated as a positive OS result.,The full public FDA approval announcement was reviewed; no approval or reimbursement status in other markets is inferred.,R1 access scope retained; not reread in this round,,,
C05,FDA: Datroway EGFR突變NSCLC加速核准,https://www.fda.gov/drugs/resources-information-approved-drugs/fda-grants-accelerated-approval-datopotamab-deruxtecan-dlnk-egfr-mutated-non-small-cell-lung-cancer,2025-06-23,2025-06-23,2026-10-07,監管核准公告,治療後EGFR肺癌合併亞群ORR，未證明OS優越。,已讀FDA公開核准公告全文；不外推其他市場核准或給付。,,沿用R1取得範圍；本輪未重查,C05,FDA EGFR lung cancer Dato approval,ORR in the pooled subgroup of previously treated EGFR-mutated lung cancer; OS superiority not established.,The full public FDA approval announcement was reviewed; no approval or reimbursement status in other markets is inferred.,R1 access scope retained; not reread in this round,,,
C06,FDA: Trodelvy 第一線TNBC單藥及pembrolizumab併用核准,https://www.fda.gov/drugs/resources-information-approved-drugs/fda-approves-sacituzumab-govitecan-hziy-monotherapy-and-combination-pembrolizumab-first-line,2026-06-24,2026-06-24,2026-10-07,監管核准公告,ASCENT03／04之PFS與人群；OS仍未成熟。,已讀FDA公開核准公告全文；不外推其他市場核准或給付。,,沿用R1取得範圍；本輪未重查,C06,FDA first-line TNBC SG approvals,PFS and populations in ASCENT-03/04; OS remained immature.,The full public FDA approval announcement was reviewed; no approval or reimbursement status in other markets is inferred.,R1 access scope retained; not reread in this round,,,
C07,FDA: EV+pembrolizumab 晚期尿路上皮癌傳統核准,https://www.fda.gov/drugs/resources-information-approved-drugs/fda-approves-enfortumab-vedotin-ejfv-pembrolizumab-locally-advanced-or-metastatic-urothelial-cancer,2023-12-15,2023-12-15,2026-10-07,監管核准公告,EV302核准時OS、PFS；不是二○二六年追蹤值。,已讀FDA公開核准公告全文；不外推其他市場核准或給付。,,沿用R1取得範圍；本輪未重查,C07,FDA advanced urothelial cancer EV approval,OS and PFS at EV-302 approval; these are not the 2026 follow-up values.,The full public FDA approval announcement was reviewed; no approval or reimbursement status in other markets is inferred.,R1 access scope retained; not reread in this round,,,
C08,FDA: EV+pembrolizumab 圍手術期MIBC核准擴至cisplatin適用者,https://www.fda.gov/drugs/resources-information-approved-drugs/fda-approves-pembrolizumab-or-pembrolizumab-and-berahyaluronidase-alfa-pmph-each-enfortumab-vedotin,2026-07-10,2026-07-10,2026-10-07,監管核准公告,EV304對含鉑新輔助策略之EFS、OS及核准人群。,已讀FDA公開核准公告全文；不外推其他市場核准或給付。,,沿用R1取得範圍；本輪未重查,C08,FDA perioperative bladder cancer EV approval,"EFS, OS and approved population in EV-304 versus a platinum-containing neoadjuvant strategy.",The full public FDA approval announcement was reviewed; no approval or reimbursement status in other markets is inferred.,R1 access scope retained; not reread in this round,,,
C09,Shitara et al. Trastuzumab Deruxtecan or Ramucirumab plus Paclitaxel in Gastric Cancer,https://pubmed.ncbi.nlm.nih.gov/40454632/,2025-05-31,,2026-10-07,原始論文公開摘要,原 Gastric04 數值及再活檢實例已移出正文；此來源保留為待核歷史線索，不作本版有效證據。,本輪原 PubMed URL 回 429，未取得摘要或全文；未改走替代途徑。,無可核原文定位；本輪錯誤紀錄見 C09.txt。,指定主張之來源證據補件；範圍見source_evidence.json,C09,Gastric04 original research abstract,"The Gastric04 numerical and repeat-biopsy example has been removed from the text. This source remains a historical reference awaiting verification, not active evidence for this version.",The original PubMed URL returned HTTP 429 in this round; neither the abstract nor full text was retrieved. No alternative route was used.,Evidence supplement for specified claims; scope in source_evidence.json,source_evidence.json#C09,2026-10-07T18:42:25+08:00,No verifiable original-text locator; the retrieval record is in C09.txt.
C10,Yang et al. Izalontamab brengitecan versus chemotherapy in recurrent/metastatic NPC,https://pubmed.ncbi.nlm.nih.gov/41125110/,2025-10-19,,2026-10-07,原始論文公開摘要,支持中國復發／轉移鼻咽癌三期的人群、化療對照、ORR 及 ≥3 級治療相關不良事件；不支持同段 TNBC 數據。,本輪取得 PubMed 公開摘要及書目，未讀期刊全文；摘要未明列確切資料截點。,PMID 41125110，Abstract 的 Methods、Findings；本輪文字 L296–300。,指定主張之來源證據補件；範圍見source_evidence.json,C10,Iza-bren phase 3 NPC abstract,"Supports the population, chemotherapy comparator, ORR and grade ≥3 treatment-related adverse events in the phase 3 NPC trial in China; it does not substantiate the adjacent TNBC results.",PubMed abstract and bibliographic information were retrieved; the journal full text was not read. The abstract does not state an exact data cutoff.,Evidence supplement for specified claims; scope in source_evidence.json,source_evidence.json#C10,2026-10-07T18:42:25+08:00,"PMID 41125110, Abstract: Methods and Findings; retrieved-text lines 296–300."
C11,BMS/SystImmune: iza-bren TNBC與ESCC三期期中OS/PFS結果,https://news.bms.com/news/details/2026/Izalontamab-Brengitecan-Iza-Bren-Demonstrates-Statistically-Significant-and-Clinically-Meaningful-Improvements-in-Overall-Survival-and-Progression-Free-Survival-in-Patients-with-Triple-Negative-Breast-Cancer-and-Esophageal-Squamous-Cell-Carcinoma/default.aspx,2026-06-02,,2026-10-07,公司原始試驗公告,支持中國 PANKU-Breast02 期中 OS 原值及人群，以及 TNBC／ESCC 三期公司結果的證據層級；BMS／SystImmune 共同開發範圍限定中國以外。,本輪讀公司公告的相關試驗、機制及合作段落；不是期刊全文或獨立療效確認。,PANKU-Breast02 段 L25–33；中國／中國以外分工 L44；About iza-bren L46–48。,指定主張之來源證據補件；範圍見source_evidence.json,C11,Iza-bren breast and esophageal cancer results,Supports the interim OS figures and population for PANKU-Breast02 in China and the company-reported evidence level for the TNBC/ESCC phase 3 results. BMS/SystImmune joint development applies outside China.,"The relevant trial, mechanism and collaboration sections of the company announcement were read; this is not a journal full text or independent confirmation of efficacy.",Evidence supplement for specified claims; scope in source_evidence.json,source_evidence.json#C11,2026-10-07T18:42:25+08:00,"PANKU-Breast02 section, lines 25–33; territorial responsibilities, line 44; About iza-bren, lines 46–48."
C12,Raab et al. HDP-101 IMS 2026 poster PA-216,https://heidelberg-pharma.com/images/managed/HDP-101-01_IMS_poster.pdf,2026-09-24,2026-09-03,2026-10-07,原始研究者會議海報,支持 HDP-101 一期 53 人已給藥、RP2D 175 µg/kg、二期a擴增開始，以及首劑分次與預先給藥的管理措施。,本輪由原已用 ref 讀回同一原 URL 的單頁海報 PDF 文字，只核必要段落，未重新核海報圖像。,第1頁 Study Progress L43–53、Results L57–62、PK/PD L83–86；資料截點 L128。,指定主張之來源證據補件；範圍見source_evidence.json,C12,HDP-101 phase 1 investigator poster,"Supports 53 patients dosed in phase 1, the 175 µg/kg RP2D, the start of phase 2a expansion, and split-first-dose/premedication measures for HDP-101.",The previously used reference returned the one-page poster text at the same original URL. Only the necessary sections were checked; the poster image was not rechecked.,Evidence supplement for specified claims; scope in source_evidence.json,source_evidence.json#C12,2026-10-07T18:42:25+08:00,"Page 1: Study Progress, lines 43–53; Results, 57–62; PK/PD, 83–86; data cutoff, 128."
C13,Daiichi Sankyo/MSD: Ifinatamab deruxtecan BLA voluntarily withdrawn,https://www.daiichisankyo.com/files/news/pressrelease/pdf/202609/20260925_E.pdf,2026-09-25,2026-09-25,2026-10-07,公司監管狀態公告,撤件及三期持續；原PDUFA失效，未公開細部因果。,已讀公司公開監管狀態公告全文；未取得FDA內部審查意見。,,沿用R1取得範圍；本輪未重查,C13,I-DXd accelerated approval application withdrawal,"Withdrawal and continued phase 3 development; the former PDUFA date no longer applied, and detailed causation was not disclosed.",The full public company regulatory status announcement was reviewed; internal FDA review comments were not obtained.,R1 access scope retained; not reread in this round,,,
C14,Daiichi Sankyo: IDeate-Lung01 primary results at WCLC2025,https://daiichisankyo.us/press-releases/-/article/ifinatamab-deruxtecan-demonstrated-clinically-meaningful-response-rates-in-patients-with-extensive-stage-small-cell-lung-cancer-in-ideate-lung01-phase-2-trial,2025-09-07,2025-03-03,2026-10-07,公司原始試驗公告,一百三十七人劑量群ORR、DOR及ILD，無標準治療對照。,已讀公司原始試驗公告全文；JCO論文此輪未成功取得，不冒稱已讀論文全文。,,沿用R1取得範圍；本輪未重查,C14,IDeate-Lung01 trial announcement,"ORR, DOR and ILD in the 137-patient dose cohort; no standard-of-care comparator.",The full company announcement of original trial results was reviewed. The JCO paper was not successfully obtained in this review; no claim is made to have read its full text.,R1 access scope retained; not reread in this round,,,
C15,Tolaney et al. Trastuzumab Deruxtecan plus Pertuzumab for HER2-Positive Metastatic Breast Cancer,https://pubmed.ncbi.nlm.nih.gov/41160818/,2025-10-29,2025-02-26,2026-10-07,原始論文公開摘要,兩組PFS、安全性及第三臂仍盲；OS尚未成熟。,已讀原始論文公開摘要；未取得期刊付費全文。,,沿用R1取得範圍；本輪未重查,C15,Breast09 original research abstract,"PFS and safety for two arms, with the third still blinded; OS was immature.",The public abstract of the original paper was reviewed; the journal’s paywalled full text was not obtained.,R1 access scope retained; not reread in this round,,,
C16,AstraZeneca H1 and Q2 2026 Clinical Trials Appendix,https://www.astrazeneca.com/content/dam/az/PDF/2026/h1q2/H1-and-Q2-2026-results-clinical-trials-appendix.pdf,2026-07-27,2026-07-27,2026-10-07,公司臨床開發附錄,支持 2026-07-27 版所列 AVANZAR／Lung15 為 H2 2026、Lung07／08 為 H1 2027、Breast03 為 H2 2027 的公司指引。本版不能證明 Lung07 舊 H2 2026 預期或改期歷史。,154頁公開 PDF 僅核必要 ADC 試驗列的文字與日期，未分析全文。,印刷第15頁 Breast03；第16頁 AVANZAR、Lung07、Lung08、Lung15 的 Status 欄。,指定主張之來源證據補件；範圍見source_evidence.json,C16,AZ clinical trial timeline appendix,"Supports this 2026-07-27 edition’s anticipated-data windows: H2 2026 for AVANZAR/Lung15, H1 2027 for Lung07/08, and H2 2027 for Breast03. This edition cannot establish the earlier H2 2026 expectation or a historical timing change.",Only the necessary ADC trial rows and dates in the 154-page public PDF were checked; the complete document was not analyzed.,Evidence supplement for specified claims; scope in source_evidence.json,source_evidence.json#C16,2026-10-07T18:42:25+08:00,"Printed page 15: Breast03; page 16: the Status column for AVANZAR, Lung07, Lung08 and Lung15."
C17,ClinicalTrials.gov: A Study Comparing BL-B01D1 With Chemotherapy of Physician's Choice in Patients With Unresectable Locally Advanced or Metastatic Triple-Negative Breast Cancer(PANKU-Breast02),https://clinicaltrials.gov/study/NCT06382142,2024-04-24,2026-07-23,2026-10-07,試驗登錄公開API實讀,支持 PANKU-Breast02 排除既往使用 TOPI 抑制負載 ADC 的納排條件；不作臨床結果的來源。,本輪讀已存官方 API 字段選錄，未重新連線刷新登錄；完整原始 HTTP JSON 未保存。,NCT06382142；已存 eligibility 排除條件第1項、更新日期字段。,指定主張之來源證據補件；範圍見source_evidence.json,C17,Iza-bren TNBC registry,Supports PANKU-Breast02’s exclusion of prior ADCs with a TOPI-inhibitor payload; it is not a source of trial outcomes.,Previously saved official API field extracts were reviewed; the registry was not refreshed online. The complete original HTTP JSON was not saved.,Evidence supplement for specified claims; scope in source_evidence.json,source_evidence.json#C17,2026-10-07T18:42:25+08:00,NCT06382142: saved first eligibility exclusion and last-update field.
C18,"ClinicalTrials.gov: A Study of Dato-DXd Versus Investigator's Choice Chemotherapy in Patients With Locally Recurrent Inoperable or Metastatic Triple-negative Breast Cancer, Who Are Not Candidates for PD-1/PD-L1 Inhibitor Therapy (TROPION-Breast02)",https://clinicaltrials.gov/study/NCT05374512,2022-05-16,2026-05-15,2026-10-07,試驗登錄公開API實讀,第一線Dato人群及既往TOP1治療排除條件。,已直接讀取ClinicalTrials.gov官方公開API之登錄；不是結果論文。,,沿用R1取得範圍；本輪未重查,C18,TROPION-Breast02 registry,First-line Dato population and exclusion of prior TOP1 treatment.,The registry record was read directly through the official ClinicalTrials.gov public API; it is not a results paper.,R1 access scope retained; not reread in this round,,,
C19,ClinicalTrials.gov: Study of Sacituzumab Govitecan-hziy Versus Treatment of Physician's Choice in Patients With Previously Untreated Locally Advanced Inoperable or Metastatic Triple-Negative Breast Cancer,https://clinicaltrials.gov/study/NCT05382299,2022-05-19,2026-04-06,2026-10-07,試驗登錄公開API實讀,第一線SG人群及既往TOP1治療排除條件。,已直接讀取ClinicalTrials.gov官方公開API之登錄；不是結果論文。,,沿用R1取得範圍；本輪未重查,C19,ASCENT-03 trial registry,First-line SG population and exclusion of prior TOP1 treatment.,The registry record was read directly through the official ClinicalTrials.gov public API; it is not a results paper.,R1 access scope retained; not reread in this round,,,
C20,"ClinicalTrials.gov: Study of Sacituzumab Govitecan-hziy and Pembrolizumab Versus Treatment of Physician's Choice and Pembrolizumab in Patients With Previously Untreated, Locally Advanced Inoperable or Metastatic Triple-Negative Breast Cancer",https://clinicaltrials.gov/study/NCT05382286,2022-05-19,2025-09-18,2026-10-07,試驗登錄公開API實讀,SG合併免疫治療人群及既往TOP1治療排除條件。,已直接讀取ClinicalTrials.gov官方公開API之登錄；不是結果論文。,,沿用R1取得範圍；本輪未重查,C20,ASCENT-04 trial registry,SG plus immunotherapy population and exclusion of prior TOP1 treatment.,The registry record was read directly through the official ClinicalTrials.gov public API; it is not a results paper.,R1 access scope retained; not reread in this round,,,
C21,ClinicalTrials.gov: A Study of Trastuzumab Deruxtecan (T-DXd) Versus Trastuzumab Emtansine (T-DM1) in High-risk HER2-positive Participants With Residual Invasive Breast Cancer Following Neoadjuvant Therapy (DESTINY-Breast05),https://clinicaltrials.gov/study/NCT04622319,2020-11-09,2026-05-15,2026-10-07,試驗登錄公開API實讀,支持 DB05 排除既往 T-DXd、T-DM1 或其他 HER2 ADC，以及術後比較設計；同段 DB11／DB05 結果百分比另由 C02 支持。,本輪讀已存官方 API 字段選錄，未重新連線刷新登錄；不是結果論文。,NCT04622319；已存 prior_adc_or_specific_exclusions[1]、試驗正式題名與主要終點字段。,指定主張之來源證據補件；範圍見source_evidence.json,C21,DESTINY-Breast05 registry,"Supports DB05’s exclusion of prior T-DXd, T-DM1 or other HER2 ADCs and its postoperative comparison. C02 is the source for the adjacent DB11/DB05 outcome percentages.",Previously saved official API field extracts were reviewed without an online registry refresh; this is not a results paper.,Evidence supplement for specified claims; scope in source_evidence.json,source_evidence.json#C21,2026-10-07T18:42:25+08:00,"NCT04622319: saved prior_adc_or_specific_exclusions[1], official trial title and primary-outcome fields."
C22,"ClinicalTrials.gov: Trastuzumab Deruxtecan (T-DXd) With or Without Pertuzumab Versus Taxane, Trastuzumab and Pertuzumab in HER2-positive Metastatic Breast Cancer (DESTINY-Breast09)",https://clinicaltrials.gov/study/NCT04784715,2021-03-05,2026-07-30,2026-10-07,試驗登錄公開API實讀,支持 DB09 主要完成日 2026-11-11 為登錄估計、2026-07-30 更新日及三臂設計；這不是預定發表日。,本輪讀已存官方 API 日期／設計字段，未重新連線刷新登錄。,NCT04784715；status.primaryCompletionDateStruct、lastUpdatePostDateStruct 及三臂設計字段。,指定主張之來源證據補件；範圍見source_evidence.json,C22,DESTINY-Breast09 registry,"Supports DB09’s estimated primary completion on 2026-11-11, its 2026-07-30 update date and three-arm design; it does not establish a publication date.",Previously saved official API date and design fields were reviewed; no online registry refresh was performed.,Evidence supplement for specified claims; scope in source_evidence.json,source_evidence.json#C22,2026-10-07T18:42:25+08:00,"NCT04784715: status.primaryCompletionDateStruct, lastUpdatePostDateStruct and the three-arm design field."
C23,ClinicalTrials.gov: A Study of Ifinatamab Deruxtecan Versus Treatment of Physician's Choice in Subjects With Relapsed Small Cell Lung Cancer,https://clinicaltrials.gov/study/NCT06203210,2024-01-12,2026-08-06,2026-10-07,試驗登錄公開API實讀,支持 IDeate-Lung02 主要完成日估 2028-01-30，位於本報十二個月窗口以外；撤件及 PDUFA 由 C13 負責。,本輪讀已存官方 API 日期字段，未重新連線刷新登錄。,NCT06203210；status.primaryCompletionDateStruct 與 lastUpdatePostDateStruct。,指定主張之來源證據補件；範圍見source_evidence.json,C23,IDeate-Lung02 registry,"Supports IDeate-Lung02’s estimated primary completion on 2028-01-30, outside the report’s twelve-month window. C13 is responsible for the withdrawal and PDUFA statements.",Previously saved official API date fields were reviewed; no online registry refresh was performed.,Evidence supplement for specified claims; scope in source_evidence.json,source_evidence.json#C23,2026-10-07T18:42:25+08:00,NCT06203210: status.primaryCompletionDateStruct and lastUpdatePostDateStruct.
C24,ClinicalTrials.gov: A Study of Dato-DXd With or Without Durvalumab Versus Investigator's Choice of Therapy in Patients With Stage I-III Triple-negative Breast Cancer Without Pathological Complete Response Following Neoadjuvant Therapy (TROPION-Breast03),https://clinicaltrials.gov/study/NCT05629585,2022-11-29,2026-06-15,2026-10-07,試驗登錄公開API實讀,支持 Breast03 主要完成日估 2027-09-20，及新輔助治療後 TNBC 殘餘病灶／iDFS 設計；公司 H2 2027 指引另見 C16。,本輪讀已存官方 API 日期及研究設計字段，未重新連線刷新登錄。,NCT05629585；status.primaryCompletionDateStruct、official_title 及 primary_outcomes[0]。,指定主張之來源證據補件；範圍見source_evidence.json,C24,TROPION-Breast03 registry,Supports Breast03’s estimated primary completion on 2027-09-20 and its residual-disease TNBC/iDFS design after neoadjuvant treatment. The H2 2027 company guidance comes from C16.,Previously saved official API date and study-design fields were reviewed; no online registry refresh was performed.,Evidence supplement for specified claims; scope in source_evidence.json,source_evidence.json#C24,2026-10-07T18:42:25+08:00,"NCT05629585: status.primaryCompletionDateStruct, official_title and primary_outcomes[0]."
D01,Daiichi Sankyo and Merck Announce Global Development and Commercialization Collaboration for Three Daiichi Sankyo DXd ADCs,https://www.merck.com/news/daiichi-sankyo-and-merck-announce-global-development-and-commercialization-collaboration-for-three-daiichi-sankyo-dxd-adcs/,2023-10-19,2023-10-19,2026-10-07,company_release,四十億簽約金及條件續約與里程碑；製造由第一三共負責。,已讀公司公開公告全文；公司披露與作者推論分開。,,R2企業關係原文重讀,D01,Merck–Daiichi Sankyo three-ADC agreement,"USD 4 billion upfront, conditional continuation payments and milestones; manufacturing is Daiichi Sankyo’s responsibility.",The full public company announcement was read. Company disclosures are distinguished from the author’s inferences.,Original reread for the R2 company diagram,,,
D02,"Merck Q2 2026 Form 10-Q, collaboration footnote",https://www.sec.gov/Archives/edgar/data/310158/000031015826000212/R10.htm,2026-08-07,2026-06-30,2026-10-07,SEC_10Q,核實四十億及兩筆七點五億已付，另列後續費用分攤修約。,已讀公開SEC申報文件中採用的交易或合作附註；不冒稱逐頁分析整份財報。,,沿用R1取得範圍；本輪未重查,D02,Merck collaboration financial statement note,Verifies payment of USD 4 billion and two USD 750 million installments; separately records the subsequent cost-sharing amendment.,The transaction or collaboration notes used from the public SEC filing were read. This does not claim page-by-page analysis of the entire financial report.,R1 access scope retained; not reread in this round,,,
D03,Ifinatamab Deruxtecan BLA Voluntarily Withdrawn,https://www.merck.com/news/ifinatamab-deruxtecan-biologics-license-application-for-certain-patients-with-previously-treated-extensive-stage-small-cell-lung-cancer-voluntarily-withdrawn/,2026-09-25,2026-09-25,2026-10-07,company_release,加速核准路徑撤回及三期持續；不能寫成開發終止。,已讀公司公開公告全文；公司披露與作者推論分開。,,沿用R1取得範圍；本輪未重查,D03,Merck announcement of I-DXd BLA withdrawal,Withdrawal from the accelerated-approval pathway and continued Phase 3 development; not termination of development.,The full public company announcement was read. Company disclosures are distinguished from the author’s inferences.,R1 access scope retained; not reread in this round,,,
D04,Patritumab Deruxtecan BLA Receives Complete Response Letter Due to Third-Party Manufacturer Inspection,https://www.merck.com/news/patritumab-deruxtecan-bla-submission-receives-complete-response-letter-from-fda-due-to-inspection-findings-at-third-party-manufacturer/,2024-06-26,2024-06-26,2026-10-07,company_release,支持公司對 2024 年 patritumab deruxtecan CRL 的說明：涉及第三方製造商查廠，公告稱未指出療效或安全資料問題。,讀取公司公告開頭的相關段落；未取得 FDA 的 CRL 原函。,公告開頭，第 94–110 行，重點為第 104–105 行。,指定主張之來源證據補件；範圍見source_evidence.json,D04,HER3-DXd manufacturing inspection CRL,"Supports the companies’ account of the 2024 patritumab deruxtecan CRL: third-party manufacturer inspection findings, with no efficacy or safety data issues identified in that announcement.",Relevant opening paragraphs of the company announcement were read; the FDA CRL itself was not obtained.,Evidence supplement for specified claims; scope in source_evidence.json,source_evidence.json#D04,2026-10-07T18:42:41+08:00,"Opening announcement paragraphs, lines 94–110, especially 104–105."
D05,Patritumab Deruxtecan BLA Voluntarily Withdrawn,https://www.merck.com/news/patritumab-deruxtecan-biologics-license-application-for-patients-with-previously-treated-locally-advanced-or-metastatic-egfr-mutated-non-small-cell-lung-cancer-voluntarily-withdrawn/,2025-05-29,2025-05-29,2026-10-07,company_release,支持 2025 年自願撤回 BLA，以及公告所述確認試驗 OS 未達統計顯著的原因；公告明確區別於 2024 年製造查廠事件。,讀取撤件原因與共同開發段落；此公告不驗證原合作的付款或修約條件。,公告開頭，第 94–105 行，重點為第 96–98 行。,指定主張之來源證據補件；範圍見source_evidence.json,D05,HER3-DXd BLA withdrawal announcement,Supports the 2025 voluntary BLA withdrawal and the stated reason involving non-significant OS in the confirmatory trial; the release explicitly separates it from the 2024 manufacturing inspection issue.,The withdrawal rationale and joint-development paragraphs were read; this release does not verify the original collaboration’s payments or amendments.,Evidence supplement for specified claims; scope in source_evidence.json,source_evidence.json#D05,2026-10-07T18:42:41+08:00,"Opening paragraphs, lines 94–105, especially 96–98."
D06,Daiichi Sankyo Announces Losses Related to Review of Product Supply Plans and Revision of FY2025 Forecast,https://www.daiichisankyo.com/files/news/pressrelease/pdf/202605/20260508_E.pdf,2026-05-08,2026-03-31,2026-10-07,company_regulatory_release,需求下修、最低採購義務及兩筆不同費用；非現金已付。,已讀公司公開公告全文；公司披露與作者推論分開。,,沿用R1取得範圍；本輪未重查,D06,Daiichi Sankyo supply plan revision,"Lower demand assumptions, minimum purchase obligations and two distinct charges; not evidence of cash already paid.",The full public company announcement was read. Company disclosures are distinguished from the author’s inferences.,R1 access scope retained; not reread in this round,,,
D07,Pfizer Completes Acquisition of Seagen,https://www.pfizer.com/news/press-release/press-release-detail/pfizer-completes-acquisition-seagen,2023-12-14,2023-12-14,2026-10-07,company_release,支持 Pfizer 於 2023 年 12 月完成取得 Seagen 全部普通股，以及納入其 ADC 與其他腫瘤資產。,讀取公司完成收購公告；沒有另外核對交易所的下市文件。,完成收購段落，第 101–112 行，全部普通股文字在第 107 行。,指定主張之來源證據補件；範圍見source_evidence.json,D07,Pfizer completes Seagen acquisition,Supports Pfizer’s December 2023 completion of the acquisition of all outstanding Seagen common stock and incorporation of its ADC and other oncology assets.,The company’s acquisition-completion release was read; exchange delisting documentation was not separately checked.,Evidence supplement for specified claims; scope in source_evidence.json,source_evidence.json#D07,2026-10-07T18:42:41+08:00,"Acquisition-completion section, lines 101–112; all outstanding common stock at line 107."
D08,"Pfizer Q2 2024 acquisition note, Seagen purchase accounting",https://www.sec.gov/Archives/edgar/data/78003/000007800324000166/R10.htm,,2024-06-30,2026-10-07,SEC_10Q,轉移對價及扣現金金額，與公告企業價值口徑不同。,已讀公開SEC申報文件中採用的交易或合作附註；不冒稱逐頁分析整份財報。,,沿用R1取得範圍；本輪未重查,D08,Pfizer Seagen acquisition accounting note,"Consideration transferred and the amount net of acquired cash, on a different basis from announced enterprise value.",The transaction or collaboration notes used from the public SEC filing were read. This does not claim page-by-page analysis of the entire financial report.,R1 access scope retained; not reread in this round,,,
D09,"AbbVie to Acquire ImmunoGen, including ELAHERE",https://investors.abbvie.com/news-releases/news-release-details/abbvie-acquire-immunogen-including-its-flagship-cancer-therapy,2023-11-30,2023-11-30,2026-10-07,company_release,公告股權價值及每股現金對價；不等同最終會計金額。,已讀公司公開公告全文；公司披露與作者推論分開。,,沿用R1取得範圍；本輪未重查,D09,AbbVie announces ImmunoGen acquisition,Announced equity value and cash consideration per share; not the final accounting amount.,The full public company announcement was read. Company disclosures are distinguished from the author’s inferences.,R1 access scope retained; not reread in this round,,,
D10,AbbVie Completes Acquisition of ImmunoGen,https://news.abbvie.com/2024-02-12-AbbVie-Completes-Acquisition-of-ImmunoGen,2024-02-12,2024-02-12,2026-10-07,company_release,支持 AbbVie 於 2024 年 2 月完成收購 ImmunoGen，並取得 ELAHERE 與其 ADC 研發組合。,讀取公告標題、日期及收購與產品組合段落；未以當時產品描述更新後續監管狀態。,日期第 9 行；產品組合與完成收購第 15–27 行，重點為第 15–16、20、25 行。,指定主張之來源證據補件；範圍見source_evidence.json,D10,AbbVie completes ImmunoGen acquisition,"Supports AbbVie’s February 2024 completion of the ImmunoGen acquisition, including ELAHERE and the ADC pipeline.","The title, date, acquisition and portfolio paragraphs were read; historical product descriptions were not used to update subsequent regulatory status.",Evidence supplement for specified claims; scope in source_evidence.json,source_evidence.json#D10,2026-10-07T18:42:41+08:00,"Date at line 9; portfolio and completion paragraphs at lines 15–27, especially 15–16, 20 and 25."
D11,"AbbVie 2024 Form 10-K acquisition footnote, finalized ImmunoGen valuation",https://www.sec.gov/Archives/edgar/data/1551152/000155115225000020/R14.htm,,2024-12-31,2026-10-07,SEC_10K,最終股東對價及扣現金金額；員工獎勵費用另外列示。,已讀公開SEC申報文件中採用的交易或合作附註；不冒稱逐頁分析整份財報。,,沿用R1取得範圍；本輪未重查,D11,AbbVie annual acquisition accounting note,Final shareholder consideration and amount net of acquired cash; employee award expense is presented separately.,The transaction or collaboration notes used from the public SEC filing were read. This does not claim page-by-page analysis of the entire financial report.,R1 access scope retained; not reread in this round,,,
D12,BioNTech and DualityBio Form Global Strategic Partnership,https://www.biontech.com/int/en/home/mediaroom/news/press-releases/2023/04/biontech-and-dualitybio-form-global-strategic-partnership.html,2023-04-03,2023-04-03,2026-10-07,company_release,支持 2023 年 BioNTech–DualityBio 兩項 ADC 合作的地域權利與分工，以及 DB-1311 美國成本／損益分攤選擇權的設置。,讀取原始合作公告條款；此 2023 年公告不證明 2026 年已行使選擇權，後者由 D13 支持。,合作及權利第 36–51 行，重點為第 39–40、49–51 行。,指定主張之來源證據補件；範圍見source_evidence.json,D12,BioNTech–Duality license agreement,Supports the territories and responsibilities in the 2023 BioNTech–DualityBio two-ADC collaboration and establishment of the US DB-1311 cost/profit-and-loss-sharing option.,"The original collaboration terms were read; this 2023 release does not establish exercise of the option in 2026, which is supported by D13.",Evidence supplement for specified claims; scope in source_evidence.json,source_evidence.json#D12,2026-10-07T18:42:41+08:00,"Collaboration and rights terms, lines 36–51, especially 39–40 and 49–51."
D13,DualityBio Announces 2026 Interim Results and Corporate Updates,https://en.dualitybiologics.com/news/615.html,2026-08-28,2026-06-30,2026-10-07,company_interim_results,支持公司所述 2026 年 5 月已通知行使 DB-1311/BNT324/elfe-D 美國成本與損益分攤選擇權，並支持相關產品別名。,讀取 2026 年中期公告的合作及相關財務段落；這是公司披露，不能據此證明平台臨床優越性。,日期與期間第 30、43 行；產品別名第 36–43 行；行權第 148–155 行，重點第 154 行。,指定主張之來源證據補件；範圍見source_evidence.json,D13,Duality 2026 interim results,"Supports the company’s statement that it notified BioNTech in May 2026 of exercise of the US DB-1311/BNT324/elfe-D cost-and-profit/loss-sharing option, and supports the relevant asset aliases.",The partnership and related financial sections of the 2026 interim release were read; these company disclosures do not establish clinical superiority of the platform.,Evidence supplement for specified claims; scope in source_evidence.json,source_evidence.json#D13,2026-10-07T18:42:41+08:00,"Date and reporting period at lines 30 and 43; aliases at 36–43; option exercise at 148–155, especially 154."
D14,Gilead and Tubulis Enter Exclusive Option and License Agreement,https://investors.gilead.com/news/news-details/2024/Gilead-and-Tubulis-Enter-Into-Exclusive-Option-and-License-Agreement-to-Develop-ADC-Candidate-for-Select-Solid-Tumor-Target/default.aspx,2024-12-03,2024-12-03,2026-10-07,company_release,支持 Gilead–Tubulis 單一資產選擇權合作：20 百萬美元首付款、30 百萬美元條件行權款及最高 415 百萬美元里程碑，合計最高 465 百萬美元，銷售權利金另計。,讀取原始選擇權及授權條款；465 百萬美元是所列款項的加總，並非實收，也未由此驗證後續行權。,單一資產及分工第 31–40 行；金額與權利金第 39 行。,指定主張之來源證據補件；範圍見source_evidence.json,D14,Gilead–Tubulis option agreement,"Supports the Gilead–Tubulis single-asset option agreement: USD 20 million upfront, a conditional USD 30 million option fee and up to USD 415 million in milestones, totaling up to USD 465 million, with sales royalties additional.","The original option and license terms were read; USD 465 million is the sum of the specified fees and milestones, not receipts, and subsequent exercise was not verified here.",Evidence supplement for specified claims; scope in source_evidence.json,source_evidence.json#D14,2026-10-07T18:42:41+08:00,Single-asset scope and responsibilities at lines 31–40; financial terms and royalties at line 39.
D15,Gilead to Acquire Tubulis,https://www.gilead.com/news/news-details/2026/gilead-to-acquire-tubulis-adding-potentially-best-in-class-antibody-drug-conjugate-and-next-generation-platform-to-further-strengthen-oncology-pipeline,2026-04-07,2026-04-07,2026-10-07,company_release,支持 Gilead 收購 Tubulis 的協議條件：交割時支付 31.5 億美元首付款（依公告基準及調整），另有最高 18.5 億美元里程碑。,讀取協議、預計整合及條件段落；附件發布日 2026-04-07 沿用，未另讀回日期標頭，亦不挪用 D16 的完成收購或 D17 的會計範圍。,協議第 304 行；整合第 311 行；條件第 314 行；電話會議日期文字第 319 行。,指定主張之來源證據補件；範圍見source_evidence.json,D15,Gilead announces Tubulis acquisition,"Supports the agreed terms for Gilead’s acquisition of Tubulis: USD 3.15 billion upfront payable at closing, on the stated basis and subject to adjustments, plus up to USD 1.85 billion in milestones.","The agreement, planned integration and terms were read; the supplied publication date of 2026-04-07 is retained without a separately retrieved date header, and the closing scope of D16 and accounting scope of D17 are not imported.",Evidence supplement for specified claims; scope in source_evidence.json,source_evidence.json#D15,2026-10-07T18:42:41+08:00,Agreement at line 304; integration at 311; terms at 314; conference-call date wording at 319.
D16,Gilead Sciences Completes Acquisition of Tubulis,https://investors.gilead.com/news/news-details/2026/Gilead-Sciences-Completes-Acquisition-of-Tubulis-Further-Strengthening-Oncology-Portfolio/default.aspx,2026-05-21,2026-05-21,2026-10-07,company_release,交割、組織納入及候選藥標的；平台優勢仍需臨床驗證。,已讀公司公開公告全文；公司披露與作者推論分開。,,R2企業關係原文重讀,D16,Gilead completes Tubulis acquisition,"Closing, organizational integration and candidate targets; platform advantages still require clinical validation.",The full public company announcement was read. Company disclosures are distinguished from the author’s inferences.,Original reread for the R2 company diagram,,,
D17,"Gilead Q2 2026 Form 10-Q, Tubulis acquisition",https://www.sec.gov/Archives/edgar/data/882095/000088209526000031/gild-20260630.htm,2026-08-06,2026-06-30,2026-10-07,SEC_10Q,扣現金對價約三十二億及資產收購判斷，非全為平台價格。,已讀公開SEC申報文件中採用的交易或合作附註；不冒稱逐頁分析整份財報。,,沿用R1取得範圍；本輪未重查,D17,Gilead Tubulis acquisition note,Approximately USD 3.2 billion net of acquired cash and the asset-acquisition assessment; not solely a platform price.,The transaction or collaboration notes used from the public SEC filing were read. This does not claim page-by-page analysis of the entire financial report.,R1 access scope retained; not reread in this round,,,
D18,DualityBio Enters Global Collaboration and License with Genentech for DUPAC,https://en.dualitybiologics.com/news/614.html,2026-08-28,2026-08-28,2026-10-07,company_release,"支持 DualityBio–Genentech 的 DUPAC 合作及第 1a 期後的開發分工，並支持 4,500 萬美元首付款、超過 10 億美元條件里程碑與另計權利金。",讀取合作條款及 DUPAC 介紹；公告的前臨床設計主張不代表人體增益，亦未核實收款。,合作與金額第 28–38 行；分工第 36 行；平台介紹第 46–48 行。,指定主張之來源證據補件；範圍見source_evidence.json,D18,Genentech DUPAC collaboration,"Supports the DualityBio–Genentech DUPAC collaboration and the development handoff after Phase 1a, with USD 45 million upfront, over USD 1 billion in conditional milestones and additional royalties.","The collaboration terms and DUPAC description were read; preclinical design claims do not establish human benefit, and receipt of the stated payments was not verified.",Evidence supplement for specified claims; scope in source_evidence.json,source_evidence.json#D18,2026-10-07T18:42:41+08:00,Collaboration and financial terms at lines 28–38; responsibilities at 36; platform description at 46–48.
D19,Tubulis Strategic License Agreement with Bristol Myers Squibb,https://tubulis.com/news/tubulis-announces-strategic-license-agreement-with-bristol-myers-squibb-to-develop-next-generation-adcs-for-the-treatment-of-cancer-patients-2/,2023-04-20,2023-04-20,2026-10-07,company_release,抗體與負載分工及簽約條件；未披露精確里程碑上限。,已讀公司公開公告全文；公司披露與作者推論分開。,,沿用R1取得範圍；本輪未重查,D19,BMS–Tubulis platform license,Division of antibody and payload responsibilities and signing terms; no precise milestone ceiling disclosed.,The full public company announcement was read. Company disclosures are distinguished from the author’s inferences.,R1 access scope retained; not reread in this round,,,
D20,GSK and Hengrui agreements to develop up to 12 innovative medicines,https://www.gsk.com/en-gb/media/press-releases/gsk-and-hengrui-pharma-enter-agreements/,2025-07-28,2025-07-28,2026-10-07,company_release,跨領域選擇權包；沒有ADC專屬金額，排除加總。,已讀公司公開公告全文；公司披露與作者推論分開。,,沿用R1取得範圍；本輪未重查,D20,GSK–Hengrui cross-therapeutic-area collaboration,A cross-therapeutic-area option package with no ADC-specific amount; excluded from aggregation.,The full public company announcement was read. Company disclosures are distinguished from the author’s inferences.,R1 access scope retained; not reread in this round,,,
D21,"Lonza Expands HPAPI Capacity in Visp, Supporting Payload-Linker Manufacturing",https://www.lonza.com/news/2026-06-30-07-00,2026-06-30,2026-06-30,2026-10-07,company_release,支持 Lonza 在 Visp 增加高效價原料藥及負載－連接子能力的建置計畫，預計 2028 年營運。,讀取建置範圍及時程段落；這是公司未來產能計畫，並非已投產或已接訂單的證據。,擴產公告第 16–26 行；設施與整合能力第 24–25 行，預定營運第 26 行。,指定主張之來源證據補件；範圍見source_evidence.json,D21,Lonza expands high-potency payload facilities,"Supports Lonza’s plan to expand HPAPI and payload-linker capabilities in Visp, with operations expected in 2028.","The expansion scope and schedule were read; this is a company plan for future capacity, not evidence of current operation or customer orders.",Evidence supplement for specified claims; scope in source_evidence.json,source_evidence.json#D21,2026-10-07T18:42:41+08:00,"Expansion release, lines 16–26; facilities and integrated capabilities at 24–25, expected operations at 26."
D22,Lonza Strengthens Advanced Synthesis Capabilities,https://www.lonza.com/media-advisories/2026-02-19-09-00,2026-02-19,2026-02-19,2026-10-07,company_release,支持 Lonza 整合 Synaffix 平台與 Oss 原型、毒理材料及製程／分析開發能力的分工。,讀取 Advanced Synthesis 能力及 Oss 分工段落；能力說明不等於每項候選藥的人體優勢或商業訂單。,能力公告第 16–27 行；平台第 19、22–24 行；Oss 分工第 27 行。,指定主張之來源證據補件；範圍見source_evidence.json,D22,Lonza integrates Synaffix capabilities,"Supports Lonza’s integration of the Synaffix platform and the role of Oss in prototyping, toxicology materials, and process/analytical development.",The Advanced Synthesis capabilities and Oss responsibilities were read; descriptions of capabilities do not establish human advantages for each candidate or commercial orders.,Evidence supplement for specified claims; scope in source_evidence.json,source_evidence.json#D22,2026-10-07T18:42:41+08:00,"Capabilities advisory, lines 16–27; platform at 19 and 22–24; Oss role at 27."
D23,WuXi XDC Celebrates GMP Release of Singapore Site,https://wuxixdc.com/wuxi-xdc-celebrates-gmp-release-of-singapore-site-ushering-in-a-new-era-of-global-expansion/,2026-09-22,2026-09-21,2026-10-07,company_release,支持 WuXi XDC 新加坡 BCM3 與 DP4 於 2026 年 8 月完成 GMP 放行，以及 BCM4 預計 2026 年底的時程。,讀取公司設施公告；9 月 22 日為頁面發布日、9 月 21 日為典禮日期，GMP 放行不等同個別產品核准或客戶訂單。,日期與事件第 111–117 行；設施放行及 BCM4 時程第 161–164 行。,指定主張之來源證據補件；範圍見source_evidence.json,D23,WuXi XDC Singapore facility announcement,Supports the August 2026 GMP release of WuXi XDC’s Singapore BCM3 and DP4 facilities and the expected end-2026 timing for BCM4.,"The company’s facility announcement was read; September 22 is the page date and September 21 the ceremony date, while GMP release does not establish individual product approval or customer orders.",Evidence supplement for specified claims; scope in source_evidence.json,source_evidence.json#D23,2026-10-07T18:42:41+08:00,Dates and events at lines 111–117; facility releases and BCM4 timing at 161–164.
D24,AstraZeneca breaks ground on Singapore ADC facility,https://www.astrazeneca.com/country-sites/singapore/press-releases/astrazeneca-to-hire-over-800-employees-to-produce-cancer-medicines-at-adc-manufacturing-facility-in-singapore.html,2024-11-07,2024-11-07,2026-10-07,company_release,支持 AstraZeneca 新加坡 15 億美元 ADC 廠的全流程設計與預計 2029 年營運時程。,讀取 2024 年動工公告的投資與流程段落；這是未來建置計畫，未以舊頁面股票代號更新上市身分。,日期第 182 行；金額與時程第 195 行；抗體、藥物／連接子、偶聯及充填第 200 行。,指定主張之來源證據補件；範圍見source_evidence.json,D24,AZ breaks ground on Singapore ADC facility,Supports the planned end-to-end scope of AstraZeneca’s USD 1.5 billion Singapore ADC facility and expected operations in 2029.,"The investment and process sections of the 2024 groundbreaking release were read; this is a future construction plan, and historical ticker boilerplate was not used to update listing status.",Evidence supplement for specified claims; scope in source_evidence.json,source_evidence.json#D24,2026-10-07T18:42:41+08:00,"Date at line 182; amount and timing at 195; antibody, drug/linker, conjugation and filling scope at 200."
D25,Johnson & Johnson Completes Acquisition of Ambrx,https://www.investor.jnj.com/investor-news/news-details/2024/Johnson--Johnson-Completes-Acquisition-of-Ambrx/default.aspx,2024-03-07,2024-03-07,2026-10-07,company_release,交割、ADC工程及ARX517；不列Ambrx獨立代號。,已讀公司公開公告全文；公司披露與作者推論分開。,,沿用R1取得範圍；本輪未重查,D25,Johnson & Johnson completes Ambrx acquisition,"Closing, ADC engineering and ARX517; Ambrx is not assigned an independent ticker.",The full public company announcement was read. Company disclosures are distinguished from the author’s inferences.,R1 access scope retained; not reread in this round,,,
D26,"BioNTech Q2 2026 financial results, SEC exhibit",https://www.sec.gov/Archives/edgar/data/1776985/000177698526000054/a991bntx_q22026pressreleas.htm,2026-08-04,2026-06-30,2026-10-07,SEC_6K_exhibit,支持 BioNTech 的 BNT323/DB-1303 與 BNT324/DB-1311 別名，以及依事件累積推估 DYNASTY-Breast02 主要分析於 2026 年第 4 季的預期。,讀取 SEC 存檔財報公告中的 ADC 管線段落；預期讀出並非已公布結果，此段也不驗證美國損益分攤行權。,發布日及期間第 24 行；ADC 段第 264–279 行，別名第 265、278 行，預期分析第 276 行。,指定主張之來源證據補件；範圍見source_evidence.json,D26,BioNTech Q2 results,Supports BioNTech’s BNT323/DB-1303 and BNT324/DB-1311 aliases and its event-accrual-based expectation for the DYNASTY-Breast02 primary analysis in Q4 2026.,"The ADC pipeline section of the SEC-filed earnings release was read; an expected analysis is not a reported result, and this section does not verify exercise of US profit/loss sharing.",Evidence supplement for specified claims; scope in source_evidence.json,source_evidence.json#D26,2026-10-07T18:42:41+08:00,"Date and reporting period at line 24; ADC section at 264–279, aliases at 265 and 278, expected analysis at 276."
D27,Astellas: PADCEV plus Keytruda CHMP positive opinion for resectable MIBC,https://newsroom.astellas.com/2026-09-18-padcev-in-combination-with-keytruda-receives-positive-chmp-opinion-for-the-treatment-of-adults-with-resectable-mibc,2026-09-18,2026-09-18,2026-10-07,company_release,支持 2026 年 9 月 CHMP 對 PADCEV＋KEYTRUDA 用於可切除 MIBC 的正面意見，並區別順鉑適用人群與既有歐盟適應症。,讀取 Astellas 公告的監管、人群及合作段落；CHMP 意見不等同歐盟執委會最終核准，未以此取代原 FDA 來源。,日期及監管第 265–276 行；人群第 267、275 行；合作關係第 291–292 行。,指定主張之來源證據補件；範圍見source_evidence.json,D27,Astellas MIBC CHMP opinion,"Supports the September 2026 positive CHMP opinion for PADCEV plus KEYTRUDA in resectable MIBC, distinguishing the cisplatin-eligible population from the existing EU indication.","The regulatory, population and collaboration paragraphs of Astellas’s release were read; a CHMP opinion is not a final European Commission approval and does not replace the original FDA source.",Evidence supplement for specified claims; scope in source_evidence.json,source_evidence.json#D27,2026-10-07T18:42:41+08:00,Date and regulatory status at lines 265–276; populations at 267 and 275; collaboration relationships at 291–292.
D28,AstraZeneca investor FAQs: current stock exchanges,https://www.astrazeneca.com/investor-relations/faqs.html,,,2026-10-07,company_IR,核實AZ在倫敦、斯德哥爾摩與紐約上市；美股不是Nasdaq。,已讀公司公開投資人頁，用於現行交易所與代號核對。,,沿用R1取得範圍；本輪未重查,D28,AZ current exchanges and ticker,"Verifies AZ listings in London, Stockholm and New York; the US exchange is not Nasdaq.",The public company investor page was read to verify current exchange listings and tickers.,R1 access scope retained; not reread in this round,,,
D29,Roche conversion of Genussscheine ROG to participation certificates ROP,https://www.roche.com/investors/updates/inv-update-2026-03-16,2026-03-16,2026-03-17,2026-10-07,company_regulatory_release,ROG轉為ROP之生效日；RO為另種證券，不可混用。,已讀公司公開公告全文；公司披露與作者推論分開。,,沿用R1取得範圍；本輪未重查,D29,Roche securities ticker conversion,Effective date of the conversion from ROG to ROP; RO is a different security and is not interchangeable.,The full public company announcement was read. Company disclosures are distinguished from the author’s inferences.,R1 access scope retained; not reread in this round,,,
D30,Lonza current investor relations,https://www.lonza.com/investor-relations,,,2026-10-07,company_IR,核實Lonza的SIX及LONN代號，不支持單一產品療效。,已讀公司公開投資人頁，用於現行交易所與代號核對。,,沿用R1取得範圍；本輪未重查,D30,Lonza current investor information,Verifies Lonza’s SIX listing and LONN ticker; does not support efficacy for any individual product.,The public company investor page was read to verify current exchange listings and tickers.,R1 access scope retained; not reread in this round,,,
D31,Pfizer September 2026 investor call announcement (listing verification),https://www.pfizer.com/news/press-release/press-release-detail/pfizer-invites-public-view-and-listen-webcast-november-3,2026-09-22,2026-09-22,2026-10-07,company_release_identity_only,核實Pfizer現行NYSE及PFE代號，僅作公司識別來源。,已讀公司公開公告全文；公司披露與作者推論分開。,,沿用R1取得範圍；本輪未重查,D31,Pfizer current listing status,Verifies Pfizer’s current NYSE listing and PFE ticker; used solely to identify the company.,The full public company announcement was read. Company disclosures are distinguished from the author’s inferences.,R1 access scope retained; not reread in this round,,,
D32,AbbVie September 2026 conference announcement (listing verification),https://investors.abbvie.com/news-releases/news-release-details/abbvie-present-morgan-stanley-24th-annual-global-healthcare,2026-09-03,2026-09-03,2026-10-07,company_release_identity_only,核實AbbVie現行NYSE及ABBV代號，僅作公司識別來源。,已讀公司公開公告全文；公司披露與作者推論分開。,,沿用R1取得範圍；本輪未重查,D32,AbbVie current listing status,Verifies AbbVie’s current NYSE listing and ABBV ticker; used solely to identify the company.,The full public company announcement was read. Company disclosures are distinguished from the author’s inferences.,R1 access scope retained; not reread in this round,,,
D33,Bristol Myers Squibb Q3 2026 reporting notice (listing verification),https://news.bms.com/news/details/2026/Bristol-Myers-Squibb-to-Report-Results-for-Third-Quarter-2026-on-October-29-2026/default.aspx,2026-09-18,2026-09-18,2026-10-07,company_release_identity_only,核實BMS現行NYSE及BMY代號，僅作公司識別來源。,已讀公司公開公告全文；公司披露與作者推論分開。,,沿用R1取得範圍；本輪未重查,D33,BMS current listing status,Verifies BMS’s current NYSE listing and BMY ticker; used solely to identify the company.,The full public company announcement was read. Company disclosures are distinguished from the author’s inferences.,R1 access scope retained; not reread in this round,,,
D34,Johnson & Johnson reports Q2 2026 results (listing verification),https://www.jnj.com/media-center/press-releases/johnson-johnson-reports-q2-2026-results-raises-2026-outlook,2026-07-15,2026-07-15,2026-10-07,company_release_identity_only,核實嬌生現行NYSE及JNJ代號，僅作公司識別來源。,已讀公司公開公告全文；公司披露與作者推論分開。,,沿用R1取得範圍；本輪未重查,D34,Johnson & Johnson current listing status,Verifies Johnson & Johnson’s current NYSE listing and JNJ ticker; used solely to identify the company.,The full public company announcement was read. Company disclosures are distinguished from the author’s inferences.,R1 access scope retained; not reread in this round,,,
D35,"Gilead Sciences, Inc. 2025 Form 10-K — Trodelvy product sales and revenue recognition",https://www.sec.gov/Archives/edgar/data/882095/000088209526000006/gild-20251231.htm,2026-02-24,2025-12-31,2026-10-07,公司向SEC正式申報的年度財務報告,P03代表品年度淨產品銷售增長圖及相鄰商業判斷；單一產品、Gilead合併報表口徑，不作全球ADC市場分母。,本輪正常公開讀取SEC HTML之Note 2 p65、Note 1 p59/p64、MD&A p40；申報index核2026-02-24。未取私人合約或會員資料。,"Note 2, Disaggregation of Revenues, printed p65, Trodelvy Total columns; Note 1, Revenue Recognition, p59 and Foreign Currency Translation, p64; MD&A Oncology, p40; SEC filing detail for publication date",R2新增原始來源核讀,D35,"Gilead Sciences, Inc. 2025 Form 10-K — Trodelvy product sales and revenue recognition","Same-table 2023/2024/2025 Trodelvy total product sales: USD 1,063 / 1,315 / 1,397 million; net-sales basis and management’s qualitative 2025 attribution.","Public original 10-K and filing index. Note 2 p65; Note 1 pp58–59; MD&A p40. Filed 2026-02-24, fiscal year ended 2025-12-31.",New primary source checked for R2,,,
R01,Stifel IRIS — Mapping Rare Disease in 2026 公開介紹頁,https://preferences.stifel.com/stifel-iris-rare-disease,2026-01-29,2026-01-29,2026-10-07,公開報告介紹,公開介紹與取得範圍；未取得全文，不作ADC事實來源。,讀到介紹、作者資訊及下載表單；未取得白皮書全文，未提交表單。,,沿用R1取得範圍；本輪未重查,R01,Stifel rare-disease research: public entry page,Public introduction and access scope; full text not obtained and not used for ADC facts.,"Introduction, author information and download form read; the white paper's full text was not obtained, and the form was not submitted.",R1 access scope retained; not reread in this round,,,
R02,FDA — Clinical Pharmacology Considerations for Antibody-Drug Conjugates Guidance for Industry,https://www.fda.gov/media/155997/download,2024-03,2024-03,2026-10-07,監管指引,ADC與負載暴露、劑量探索及製程變更的可比性。,13頁公開指引全文；另核對FDA現行指引入口。,pp.3–6，II.B及III.A–B；PDF頁5–8,沿用R1取得範圍；本輪未重查,R02,FDA guidance on ADC clinical pharmacology,"ADC and payload exposure, dose exploration, and comparability after manufacturing changes.",Full 13-page public guidance; the current FDA guidance entry page was also checked.,R1 access scope retained; not reread in this round,,,
R03,Abelman et al. — TOP1 Mutations and Cross-Resistance to Antibody–Drug Conjugates in Patients with Metastatic Breast Cancer,https://pmc.ncbi.nlm.nih.gov/articles/PMC12079096/,2025-01-02,2020-09至2024-01檢測資料；卷期2025-05-15,2026-10-07,原始轉譯研究,保留既有摘要已支持的4/31、3/420及交叉抗藥機制範圍；未核得的單一baseline個案細節已移除。,本次只補Table 1／病例段的baseline細節，原頁回傳reCAPTCHA後停止；未取得該段。其餘既有摘要支持範圍未重查。,既有摘要範圍沿用；Table 1／病例段本次未取得。,指定主張之來源證據補件；範圍見source_evidence.json,R03,TOP1 mutations and ADC cross-resistance,"The existing abstract-supported 4/31, 3/420 and cross-resistance scope are retained. The unverified individual baseline-case detail has been removed.",Only the baseline detail in Table 1 or the case passage was reopened. The original page returned reCAPTCHA and reading stopped; that passage was not obtained. The existing abstract-supported scope was not rechecked.,Evidence supplement for specified claims; scope in source_evidence.json,source_evidence.json#R03,2026-10-07T18:40:15+08:00,Existing abstract scope carried forward; Table 1 / case passage not obtained in this check.
R04,Ogitani et al. — Bystander killing effect of DS-8201a in tumors with HER2 heterogeneity,https://onlinelibrary.wiley.com/doi/full/10.1111/cas.12966,2016-05-11,2016年細胞／小鼠實驗,2026-10-07,原始臨床前研究,膜通透負載的鄰近細胞作用；不能外推正常組織安全。,公開研究頁摘要與方法／結果內容。,Abstract及Results,沿用R1取得範圍；本輪未重查,R04,Cell and mouse studies of the bystander effect,Neighboring-cell effects of a membrane-permeable payload; normal-tissue safety cannot be inferred.,Abstract and methods/results content on the public research page.,R1 access scope retained; not reread in this round,,,
R05,Lyon et al. — Reducing hydrophobicity of homogeneous antibody-drug conjugates improves pharmacokinetics and therapeutic index,https://pubmed.ncbi.nlm.nih.gov/26076429/,2015-06-15,2015年臨床前研究,2026-10-07,原始臨床前研究摘要,Lyon 具名研究實例及引用已移出正文有效依據；此來源保留待核，原始研究紀錄不刪改。,本輪原 URL 讀取失敗，舊 ref 僅回 HHS 空殼；未取得原始摘要，也未使用替代途徑。,無可核原文定位；本輪錯誤紀錄見 R05.txt。,指定主張之來源證據補件；範圍見source_evidence.json,R05,"Hydrophilicity, DAR and pharmacokinetics",The named Lyon study example and citation have been removed from the text’s active evidence. This reference remains pending verification; the original research records are preserved.,"The original URL failed in this round, and the old reference returned only an HHS shell. The original abstract was not retrieved, and no alternative route was used.",Evidence supplement for specified claims; scope in source_evidence.json,source_evidence.json#R05,2026-10-07T18:42:25+08:00,No verifiable original-text locator; the retrieval record is in R05.txt.
R06,Yamazaki et al. — Antibody-drug conjugates with dual payloads for combating breast tumor heterogeneity and drug resistance,https://www.nature.com/articles/s41467-021-23793-7,2021-06-10,2021年臨床前研究,2026-10-07,原始臨床前研究,雙負載仍可屬同一作用類別；相關抗藥研究屬臨床前。,Nature/PMC公開索引之摘要、設計與結果段落；未重製原圖。,Abstract；Molecular design；Results,沿用R1取得範圍；本輪未重查,R06,MMAE/MMAF dual-payload study,Dual payloads may remain within one mechanism class; the resistance evidence is preclinical.,"Abstract, design and results passages in the public Nature/PMC index; original figures were not reproduced.",R1 access scope retained; not reread in this round,,,
R07,AstraZeneca／Daiichi Sankyo 與 Summit 合作評估 Datroway 加 ivonescimab,https://www.astrazeneca.com/media-centre/press-releases/2026/az-ds-collaboration-with-summit-for-datroway.html,2026-10-02,2026-10-02,2026-10-07,公司正式合作公告,三方供藥、成本分攤及保留權利；三期尚屬啟動計畫。 R2另核原文「Daiichi Sankyo collaboration」段：Enhertu／Datroway合作始於2019-03／2020-07；日本以外共同開發與商業化、第一三共保有日本獨家權利並負責製造供應。,公開全文,"; R2: Daiichi Sankyo collaboration, lines 205–206.",R2企業關係原文重讀,R07,Datroway plus ivonescimab collaboration,"Drug supply, cost sharing and retained rights; phase 3 initiation remains a plan. For R2, the “Daiichi Sankyo collaboration” section was also checked: Enhertu / Datroway alliances began in 2019-03 / 2020-07; co-development and commercialization outside Japan, exclusive Daiichi Sankyo rights in Japan, and Daiichi Sankyo manufacturing and supply.",Public full text,Original reread for the R2 company diagram,,,
R08,AstraZeneca 完成對 Summit Therapeutics 的 20 億美元股權投資,https://www.astrazeneca.com/media-centre/press-releases/2026/astrazeneca-completes-equity-investment-in-summit-therapeutics.html,2026-10-05,2026-10-05,2026-10-07,公司交易完成公告,支持 AstraZeneca 於 2026 年 10 月 5 日宣布完成對 Summit 的 20 億美元股權投資，並將其與臨床合作及另一份 Datroway 協議分開。,讀取股權完成公告的相關段落；股權投資不是 ADC 授權金，也不構成療效證據。,日期及交易第 182–188 行；股權完成第 184 行；分開的合作與協議第 185–186 行。,指定主張之來源證據補件；範圍見source_evidence.json,R08,AZ completes Summit equity investment,"Supports AstraZeneca’s October 5, 2026 announcement that it completed a USD 2 billion equity investment in Summit, distinguished from clinical collaborations and a separate Datroway agreement.",Relevant paragraphs of the equity-completion announcement were read; the equity investment is not an ADC license fee and does not establish efficacy.,Evidence supplement for specified claims; scope in source_evidence.json,source_evidence.json#R08,2026-10-07T18:42:41+08:00,Date and transaction at lines 182–188; equity completion at 184; separate collaborations and agreement at 185–186.
R09,"Kaufman et al. — HDP-101: The Anti-BCMA Antibody-Drug Conjugate HDP-101 with a Novel Amanitin Payload Shows Promising Initial First in Human Results in Relapsed Multiple Myeloma (AACR 2024, CT067)",https://heidelberg-pharma.com/images/managed/HDP-101-01_AACR2024_final.pdf,2024,2024年AACR海報；本稿僅引用機制段落,2026-10-07,原始會議海報,只支持 HDP-101 合成 amanitin 抑制 RNA polymerase II 的負載機制；不以 2024 海報的舊臨床結果代表 2026 狀態。,本輪讀原 URL 單頁海報的 PDF 文字，僅引用 Introduction／Background 必要機制段。,第1頁 Introduction L24–27、Background L30–35；年份／CT067 L44–46。,指定主張之來源證據補件；範圍見source_evidence.json,R09,HDP-101 amanitin mechanism poster,Supports only the mechanism of HDP-101’s synthetic amanitin payload inhibiting RNA polymerase II. The poster’s older clinical results do not represent its 2026 status.,The one-page poster text at the original URL was read; only the necessary Introduction/Background mechanism passages are used.,Evidence supplement for specified claims; scope in source_evidence.json,source_evidence.json#R09,2026-10-07T18:42:25+08:00,"Page 1: Introduction, lines 24–27; Background, 30–35; year/CT067, 44–46."
R10,Kang et al. — Engineering a HER2-specific antibody-drug conjugate to increase lysosomal delivery and therapeutic efficacy,https://pmc.ncbi.nlm.nih.gov/articles/PMC6668989/,2019-04-01,,2026-10-07,peer_reviewed_original_research_author_manuscript_in_public_PMC,抗體的pH依賴抗原解離，以及所研究anti-HER2 ADC的溶小體累積，是可直接研究的胞內遞送設計差異。,正常讀取PMC公開作者原稿的摘要、相關正文與圖說；引用範圍為抗原解離設計與細胞中的溶小體ADC累積。屬2019年臨床前研究。,Introduction and main text describing intracellular accumulation; PMC lines 137–149; Figure 1 and the cited Supplementary Figure 8,R2新增原始來源核讀,R10,Kang et al. — Engineering a HER2-specific antibody-drug conjugate to increase lysosomal delivery and therapeutic efficacy,Engineered anti-HER2 antibody–antigen dissociation at endosomal pH and increased lysosomal accumulation in the studied ADCs; no verification of an intact ADC–antigen recycling branch or DCB/LYSward.,Public full text. Published online 2019-04-01; cell and mouse experiments. No human benefit is established.,New primary source checked for R2,,,
T01,OBI Pharma — Pipeline,https://www.obipharma.com/what-we-do/pipeline-overview/,,,2026-10-07,company_pipeline,公司管線頁區分OBI-902的TROP2／GlycOBI醣位點偶聯與OBI-992的半胱胺酸偶聯，並描述各自的人體研究。,已讀公開管線的必要段落；頁面未標更新日期，工程特性與人體比較效益分開解讀。,OBI-992與OBI-902段；本輪擷取文字第133、137、163–168行。,指定主張之來源證據補件；範圍見source_evidence.json,T01,OBI Pharma ADC pipeline and conjugation platform,The company pipeline distinguishes OBI-902’s TROP2/GlycOBI glycan-site design from OBI-992’s cysteine conjugation and describes their human studies.,Relevant public pipeline passages were read. The page is undated; engineering features do not establish comparative benefit in humans.,Evidence supplement for specified claims; scope in source_evidence.json,source_evidence.json#T01,2026-10-07T10:46:10.944263+00:00,"OBI-992 and OBI-902 sections; retrieved-text lines 133, 137 and 163–168."
T02,ClinicalTrials.gov — NCT06480240 / OBI-992,https://clinicaltrials.gov/study/NCT06480240,2024-06-28,2025-08-08,2026-10-07,trial_registry,OBI-992官方登錄列一期／二期、進行中不再收案及估計收案117人；沒有已張貼的結果。,本輪直接讀取並保存官方公開API原始JSON；完成日期為估計，不是確定讀出日。,API的protocolSection.statusModule、protocolSection.designModule及hasResults欄位。,指定主張之來源證據補件；範圍見source_evidence.json,T02,OBI-992 trial registry,"The OBI-992 registry lists Phase 1/2, active but not recruiting, estimated enrollment of 117, and no posted results.","The official public API was read directly and its response JSON retained. Completion dates are estimates, not confirmed readout dates.",Evidence supplement for specified claims; scope in source_evidence.json,source_evidence.json#T02,2026-10-07T10:46:10.944263+00:00,"API fields protocolSection.statusModule, protocolSection.designModule and hasResults."
T03,ClinicalTrials.gov — NCT07124117 / OBI-902,https://clinicaltrials.gov/study/NCT07124117,2025-08-15,2026-01-05,2026-10-07,trial_registry,OBI-902官方登錄支持已進入人體研究且收案中，列一期／二期及估計收案147人。,本輪直接讀取並保存官方公開API原始JSON；登錄未張貼結果，不單獨支持工程優勢。,API的protocolSection.statusModule、protocolSection.designModule及hasResults欄位。,指定主張之來源證據補件；範圍見source_evidence.json,T03,OBI-902 trial registry,"The OBI-902 registry supports entry into human studies and recruiting status, with Phase 1/2 and estimated enrollment of 147.",The official public API was read directly and its response JSON retained. No results are posted; the registry alone does not establish engineering advantages.,Evidence supplement for specified claims; scope in source_evidence.json,source_evidence.json#T03,2026-10-07T10:46:10.944263+00:00,"API fields protocolSection.statusModule, protocolSection.designModule and hasResults."
T04,OBI Pharma and TegMine Therapeutics Sign Exclusive Global License Agreement for Glycan-Targeting ADC,https://www.accessnewswire.com/newsroom/en/healthcare-and-pharmaceutical/obi-pharma-and-tegmine-therapeutics-sign-exclusive-global-license-agr-1126261,2026-01-12,2026-01-12,2026-10-07,issuer_press_release_distributed_publicly,公司2026-01-12公開發稿支持TegMine提供抗醣抗體、浩鼎提供偶聯／連接子技術與全球授權；詳細財務條款未披露。,已讀公司經ACCESS公開的必要發稿段落；未讀受保護舊公告，這份稿未交代2025年12月公告對應，也未確認實收現金。,發稿日期及授權條款；本輪擷取文字第12、19–24、56行。,指定主張之來源證據補件；範圍見source_evidence.json,T04,OBI Pharma–TegMine ADC license,"The company’s 2026-01-12 release supports TegMine’s glycan-targeting antibody, OBI’s conjugation/linker technologies and a global license; detailed financial terms are undisclosed.","Relevant company-issued ACCESS passages were read, without accessing the protected earlier announcement. This release neither establishes the December 2025 linkage nor confirms cash received.",Evidence supplement for specified claims; scope in source_evidence.json,source_evidence.json#T04,2026-10-07T10:46:10.944263+00:00,"Release date, license terms and issuer; retrieved-text lines 12, 19–24 and 56."
T05,GlycoNex Doses First Patient in Phase 1 Trial of GNX1021,https://glyconex.com.tw/news/2026/2026-08-03-gnx1021-first-patient-dosed,2026-08-03,2026-08-03,2026-10-07,company_press_release,公司公告GNX1021靶向bLeB/Y醣抗原，並於2026-08-03宣布一期研究首位病人在日本給藥。,已讀公開公告必要段落；未另核試驗登錄，該稿也沒有交代GNX102或其裸抗體身分。,日期、首位給藥、標的及研究設計；本輪擷取文字第14–23行。,指定主張之來源證據補件；範圍見source_evidence.json,T05,GNX1021 first human dosing,The company identifies bLeB/Y as GNX1021’s glycan target and announced first-patient dosing in Japan in its Phase 1 study on 2026-08-03.,Relevant public announcement passages were read; the trial registry was not separately checked. The release does not identify GNX102 or its unconjugated-antibody status.,Evidence supplement for specified claims; scope in source_evidence.json,source_evidence.json#T05,2026-10-07T10:46:10.944263+00:00,"Date, first-patient dosing, target and trial design; retrieved-text lines 14–23."
T06,"Formosa Pharmaceuticals Files Clinical Trial Application for TSY-110, an Antibody-Drug Conjugate Biosimilar Targeting HER2-Positive Breast Cancers",https://www.formosapharma.com/formosa-pharmaceuticals-files-clinical-trial-application-for-tsy-110-an-antibody-drug-conjugate-biosimilar-targeting-her2-positive-breast-cancers/,2026-08-28,2026-08-28,2026-10-07,company_press_release,2026-08-28公告TSY-110／EG12043歐洲CTA已遞交，由台新藥與台康共同開發並參照Kadcyla；試驗擬評估PK、安全性與免疫原性。,已讀公司公開公告必要段落；CTA遞交與公司臨床前相似性敘述，不等於核准、給藥或已核准生物相似藥。,CTA正文與About TSY-110；本輪擷取文字第90–96行。,指定主張之來源證據補件；範圍見source_evidence.json,T06,TSY-110 European CTA submission,"The 2026-08-28 release reports a European CTA submission for TSY-110/EG12043, co-developed with EirGenix and referencing Kadcyla, with planned PK, safety and immunogenicity assessments.","Relevant company announcement passages were read. CTA submission and company-reported preclinical similarity do not establish authorization, dosing or biosimilar approval.",Evidence supplement for specified claims; scope in source_evidence.json,source_evidence.json#T06,2026-10-07T10:46:10.944263+00:00,CTA announcement and About TSY-110; retrieved-text lines 90–96.
T07,Formosa Pharmaceuticals Announces Presentation of TSY-310 at the 2026 ASCO Annual Meeting,https://www.formosapharma.com/formosa-pharmaceuticals-announces-presentation-of-tsy-310-at-the-2026-asco-annual-meeting/,2026-05-22,2026-05-22,2026-10-07,company_press_release,2026-05-22公告呈現TSY-310的EGFR×ROR1雙特異設計與臨床前資料。,已讀公司公告的設計及ASCO發表資訊；支持當次資料層級，未另證截至10月7日仍未入人體。,公告首段及Details／Highlights；本輪擷取文字第88、94–105行。,指定主張之來源證據補件；範圍見source_evidence.json,T07,TSY-310 bispecific ADC announcement,The 2026-05-22 announcement presents TSY-310’s EGFR×ROR1 bispecific design and preclinical data.,"Design and ASCO presentation details were read. They establish the announced evidence stage, without separately verifying the absence of human development through October 7.",Evidence supplement for specified claims; scope in source_evidence.json,source_evidence.json#T07,2026-10-07T10:46:10.944263+00:00,Opening announcement and Details/Highlights; retrieved-text lines 88 and 94–105.
T08,Almac Discovery — Pipeline,https://www.almacgroup.com/discovery/pipeline,,,2026-10-07,licensor_pipeline,核實TSY-310原ALM-401、全球授權及臨床前階段。,已讀Almac公開管線頁及2025-05-06授權公告全文；管線頁未標更新日期。,,沿用R1取得範圍；本輪未重查,T08,Almac pipeline and Formosa Pharmaceuticals license,"Verification that TSY-310 was formerly ALM-401, its global license and its preclinical stage.",Almac's public pipeline page and the full licensing announcement dated 2025-05-06 were read. The pipeline page has no update date.,R1 access scope retained; not reread in this round,,,
T09,EirGenix — ADC & Bioconjugates,https://www.eirgenix.com/antibody-drug-conjugate,,,2026-10-07,company_capability_page,台康列台耀為策略夥伴，描述抗體、分析、GMP製造與偶聯相關整合服務。,已讀公開服務頁必要段落；未標更新日，支持對外能力範圍而非特定產品的商業訂單或放行。,ADC & Bioconjugates、Monoclonal Antibody Development and Production；本輪擷取文字第87–95、109–125行。,指定主張之來源證據補件；範圍見source_evidence.json,T09,EirGenix antibody and integrated ADC services,"EirGenix names Formosa Laboratories as a strategic partner and describes integrated antibody, analytical, GMP-manufacturing and conjugation services.","Relevant public service passages were read. The undated page supports offered capabilities, not product-specific commercial orders or batch release.",Evidence supplement for specified claims; scope in source_evidence.json,source_evidence.json#T09,2026-10-07T10:46:10.944263+00:00,ADC & Bioconjugates and Monoclonal Antibody Development and Production; retrieved-text lines 87–95 and 109–125.
T10,台耀化學 — 抗體藥物複合體,https://www.formosalab.com/tw/bioconjugation-adc,,,2026-10-07,company_capability_page,台耀公開服務含高效價化學、偶聯、TFF／管柱純化、劑型及液體充填／凍乾；臨床供藥經驗為公司說法。,已讀公開服務頁必要段落；頁面未標資料日，未以專案數或產能願景推算當期訂單。,一站式方案及經驗和專業；本輪擷取文字第296–305、320行。,指定主張之來源證據補件；範圍見source_evidence.json,T10,Formosa Laboratories ADC development and manufacturing services,"Formosa Laboratories lists highly potent chemistry, conjugation, TFF/chromatographic purification, formulation and liquid filling/lyophilization; clinical-supply experience is company-reported.",Relevant public service passages were read. The page is undated; project counts and capacity aspirations were not used to infer current orders.,Evidence supplement for specified claims; scope in source_evidence.json,source_evidence.json#T10,2026-10-07T10:46:10.944263+00:00,One-stop solution and experience sections; retrieved-text lines 296–305 and 320.
T11,台耀化學 — 抗體藥物複合體廠房,https://www.formosalab.com/tw/adc,,,2026-10-07,company_facility_page,台耀公司設施頁列30–200 L偶聯反應器、ÄKTA、TFF及層析配置。,已讀公開設施規格；未標更新日，反應器容積不代表合格產品年產量或商業銷售。,ADC生產製造設備清單；本輪擷取文字第312–319行。,指定主張之來源證據補件；範圍見source_evidence.json,T11,Formosa Laboratories ADC conjugation facility specifications,"The company facility page lists 30–200 L conjugation reactors, ÄKTA, TFF and chromatography equipment.",Public facility specifications were read. The undated reactor volumes do not establish qualified annual product output or commercial sales.,Evidence supplement for specified claims; scope in source_evidence.json,source_evidence.json#T11,2026-10-07T10:46:10.944263+00:00,ADC manufacturing equipment list; retrieved-text lines 312–319.
T12,Mycenax and RIN Sign License Agreement to Advance ADC Development Using RIN’s Proprietary Linker Technology,https://www.mycenax.com/news-detail.php?id=122&lang=en,2025-10-31,2025-10-31,2026-10-07,company_press_release,2025-10-31公告永昕獲全球CDMO服務使用RIN VLK連接子技術的權利，並描述KriSan／Spera合作。,已讀公開授權及合作段落；未擴張成所有用途專屬權利，抗體一期案例也未當作ADC一期。,日期與授權正文、About RIN／Mycenax；本輪擷取文字第118、124、128、141、149行。,指定主張之來源證據補件；範圍見source_evidence.json,T12,Mycenax rights to use RIN linker technology,The 2025-10-31 release grants Mycenax rights to use RIN’s VLK linker in CDMO services worldwide and describes KriSan/Spera partnerships.,"Public license and partnership passages were read. The rights were not expanded to all-use exclusivity, nor an antibody Phase 1 example treated as an ADC trial.",Evidence supplement for specified claims; scope in source_evidence.json,source_evidence.json#T12,2026-10-07T10:46:10.944263+00:00,"Date, license paragraph and About RIN/Mycenax; retrieved-text lines 118, 124, 128, 141 and 149."
T13,Mycenax — Antibody-Drug Conjugate,https://www.mycenax.com/cdmo.php?id=56,,,2026-10-07,company_capability_page,永昕公司服務頁列GMP級50 L尺度，並分開描述anti-TMEM180抗體一期供藥與後續anti-IF ADC製備。,已讀ConjuMX、VLK及合作段落；頁面未標資料日，50 L為公司能力口徑，不是產品別商業放行或訂單。,ConjuMX、VLK Linker及Strategic ADC Partners；本輪擷取文字第134–149、158–164行。,指定主張之來源證據補件；範圍見source_evidence.json,T13,Mycenax ADC services and alliance,Mycenax’s service page lists GMP-grade 50 L production and distinguishes anti-TMEM180 antibody Phase 1 supply from subsequent anti-IF ADC production.,"ConjuMX, VLK and partnership passages were read. The undated 50 L figure is a company capability statement, not product-specific commercial release or orders.",Evidence supplement for specified claims; scope in source_evidence.json,source_evidence.json#T13,2026-10-07T10:46:10.944263+00:00,"ConjuMX, VLK Linker and Strategic ADC Partners; retrieved-text lines 134–149 and 158–164."
T14,生物技術開發中心 — LYSward: pH調控抗原結合能力之ADC技術平台,https://www.dcb.org.tw/technologies/67,,2026-04-09,2026-10-07,public_research_institute_technology_offer,R1歷史線索；R2不作P01、胞內回收分支或平台成熟度的有效支持。,本輪承接的獨立QA原文讀回HTTP403，未驗。未繞403、登入或私有端點。原來源與R1記錄保留。,,外部QA回報403，待核,T14,DCB LYSward platform,"Historical R1 lead; not active R2 support for P01, the recycling branch or platform maturity.","The independent QA carried forward into this round received HTTP 403. Unverified; no bypass, login or private endpoint was used. The original source and R1 records are retained.",External QA reported HTTP 403; pending,,,
T15,臺灣證券交易所 — 台耀化學股份有限公司個股資訊（4746）,https://www.twse.com.tw/pdf/ch/4746_ch.pdf,,2026-10-06,2026-10-07,exchange_company_profile,本輪證交所PDF支持台耀化學為TWSE上市公司、股票代號4746。,原2026-10-06 PDF未保存；本輪同URL文件產製日為2026-10-07，與保留的原資料日期分列。,PDF第1頁公司名稱、上市日期、股票代號及產製日期；擷取文字第35、42–48行。,指定主張之來源證據補件；範圍見source_evidence.json,T15,TWSE Formosa Laboratories company profile,The TWSE PDF read in this round supports Formosa Laboratories’ TWSE-listed status and ticker 4746.,"The original 2026-10-06 PDF was not retained. The current same-URL file was generated on 2026-10-07, recorded separately from the unchanged original data date.",Evidence supplement for specified claims; scope in source_evidence.json,source_evidence.json#T15,2026-10-07T10:46:10.944263+00:00,"PDF page 1: company name, listing date, ticker and generation date; extracted lines 35 and 42–48."
T16,臺灣證券交易所 — 台康生技股份有限公司個股資訊（6589）,https://www.twse.com.tw/pdf/ch/6589_ch.pdf,,2026-10-07,2026-10-07,exchange_company_profile,證交所PDF支持台康生技為TWSE上市公司、股票代號6589，上市日期2025-07-21。,已讀本輪產製於2026-10-07的PDF第1頁文字；日期與原資料日相同，不宣稱原文件位元組一致。,PDF第1頁公司名稱、上市日期、股票代號及產製日期；擷取文字第35、40–46行。,指定主張之來源證據補件；範圍見source_evidence.json,T16,TWSE EirGenix company profile,"The TWSE PDF supports EirGenix’s TWSE-listed status, ticker 6589 and listing date of 2025-07-21.","Page 1 text of the PDF generated on 2026-10-07 was read. Its date matches the original record, without asserting identical original-file bytes.",Evidence supplement for specified claims; scope in source_evidence.json,source_evidence.json#T16,2026-10-07T10:46:10.944263+00:00,"PDF page 1: company name, listing date, ticker and generation date; extracted lines 35 and 40–46."
T17,臺灣證券交易所 — 台新藥股份有限公司個股資訊（6838）,https://www.twse.com.tw/pdf/ch/6838_ch.pdf,,2026-10-07,2026-10-07,exchange_company_profile,證交所PDF支持台新藥為TWSE上市公司、股票代號6838，上市日期2024-08-13。,已讀本輪產製於2026-10-07的PDF第1頁文字；日期與原資料日相同，不宣稱原文件位元組一致。,PDF第1頁公司名稱、上市日期、股票代號及產製日期；擷取文字第35、40–46行。,指定主張之來源證據補件；範圍見source_evidence.json,T17,TWSE Formosa Pharmaceuticals company profile,"The TWSE PDF supports Formosa Pharmaceuticals’ TWSE-listed status, ticker 6838 and listing date of 2024-08-13.","Page 1 text of the PDF generated on 2026-10-07 was read. Its date matches the original record, without asserting identical original-file bytes.",Evidence supplement for specified claims; scope in source_evidence.json,source_evidence.json#T17,2026-10-07T10:46:10.944263+00:00,"PDF page 1: company name, listing date, ticker and generation date; extracted lines 35 and 40–46."
T18,OBI Pharma — Corporate Overview,https://www.obipharma.com/investor-overview/corporate-overview/,,,2026-10-07,company_investor_profile,浩鼎官方資訊表列4174.TWO與Taipei Exchange，支持其上櫃身分及4174代號。,已讀公開公司資訊表；頁面未標更新日，僅用於上市櫃身分。,Corporate Overview公司資訊表；本輪擷取文字第126–132行。,指定主張之來源證據補件；範圍見source_evidence.json,T18,OBI Pharma official listing information,"OBI’s corporate table lists 4174.TWO and Taipei Exchange, supporting TPEx-listed status and ticker 4174.",The public corporate table was read. It is undated and is used only for listing identity.,Evidence supplement for specified claims; scope in source_evidence.json,source_evidence.json#T18,2026-10-07T10:46:10.944263+00:00,Corporate Overview table; retrieved-text lines 126–132.
T19,台灣醣聯 — 投資人專區,https://glyconex.com.tw/investors/,,,2026-10-07,company_investor_profile,醣聯官方投資人頁明列TPEx 4168及證券櫃檯買賣中心上櫃身分。,已讀公開身分及交易市場欄位；頁面未標更新日，未採其其他財務數字。,投資人專區公司介紹與股票代號／交易市場；本輪擷取文字第16–24行。,指定主張之來源證據補件；範圍見source_evidence.json,T19,GlycoNex official listing information,GlycoNex’s investor page explicitly lists TPEx 4168 and Taipei Exchange-listed status.,Public identity and trading-market fields were read. The page is undated; its other financial figures were not adopted.,Evidence supplement for specified claims; scope in source_evidence.json,source_evidence.json#T19,2026-10-07T10:46:10.944263+00:00,"Investor introduction, stock code and trading-market fields; retrieved-text lines 16–24."
T20,永昕生物醫藥 — 有價證券資訊,https://www.mycenax.com/shareholders-meeting.php?id=5&lang=tw,,,2026-10-07,company_investor_profile,永昕官方有價證券頁明列普通股上櫃及股票代號4726。,已讀公開有價證券資訊；頁面未標更新日，僅用於上市櫃身分。,有價證券資訊；本輪擷取文字第125–127行。,指定主張之來源證據補件；範圍見source_evidence.json,T20,Mycenax official listing information,"Mycenax’s securities page explicitly lists its common shares as Taipei Exchange-listed, with ticker 4726.",Public securities information was read. The page is undated and is used only for listing identity.,Evidence supplement for specified claims; scope in source_evidence.json,source_evidence.json#T20,2026-10-07T10:46:10.944263+00:00,Securities information; retrieved-text lines 125–127.
T21,Drugnews｜方格子深度分析,https://drugnews.com.tw/subscribe.html,,,2026-10-07,publisher_subscription_landing_page,既有持續研究入口；不引述價格、促銷或工具上架承諾。,已讀官方公開頁面；能力依來源範圍標示，未取得內部或會員資料。,,沿用R1取得範圍；本輪未重查,T21,Drugnews in-depth analysis portal,"An existing portal for continuing research; prices, promotions and promises of tool availability are not quoted.",The official public page was read. Capabilities are described within the source's scope; no internal or members-only material was obtained.,R1 access scope retained; not reread in this round,,,
T22,Drugnews｜公司合作與生醫內容顧問服務,https://drugnews.com.tw/services.html,,,2026-10-07,publisher_services_landing_page,企業研究及顧問合作入口；不承諾價格、曝光或成果。,已讀官方公開頁面；能力依來源範圍標示，未取得內部或會員資料。,,沿用R1取得範圍；本輪未重查,T22,Drugnews corporate partnership portal,"A portal for corporate research and advisory collaboration; no prices, exposure or outcomes are promised.",The official public page was read. Capabilities are described within the source's scope; no internal or members-only material was obtained.,R1 access scope retained; not reread in this round,,,
